<?xml version="1.0" encoding="UTF-8"?>
<project-private xmlns="http://www.netbeans.org/ns/project-private/1">
    <editor-bookmarks xmlns="http://www.netbeans.org/ns/editor-bookmarks/2" lastBookmarkId="0"/>
    <open-files xmlns="http://www.netbeans.org/ns/projectui-open-files/2">
        <group>
            <file>file:/F:/workspace/ticketPrinting/src/ticketprinting/config.xml</file>
            <file>file:/F:/workspace/ticketPrinting/src/ticketprinting/CSVUtility.java</file>
            <file>file:/F:/workspace/ticketPrinting/src/log4j2.xml</file>
            <file>file:/F:/workspace/ticketPrinting/src/ticketprinting/ticketConfig.java</file>
            <file>file:/F:/workspace/ticketPrinting/src/ticketprinting/TicketPrinting.java</file>
            <file>file:/F:/workspace/ticketPrinting/src/ticketprinting/log4j2.xml</file>
        </group>
    </open-files>
</project-private>
